"","sample","group"
"GSM4308223","tissue: Platelets-free Plasma",""
"GSM4308224","tissue: Platelets-free Plasma",""
"GSM4308225","tissue: Platelets-free Plasma",""
"GSM4308226","tissue: Platelets-free Plasma",""
"GSM4308227","tissue: Platelets-free Plasma",""
"GSM4308228","tissue: Platelets-free Plasma",""
"GSM4308229","tissue: Platelets-free Plasma",""
"GSM4308230","tissue: Platelets-free Plasma",""
"GSM4308231","tissue: Platelets-free Plasma",""
"GSM4308232","tissue: Platelets-free Plasma",""
"GSM4308233","tissue: Platelets-free Plasma",""
"GSM4308234","tissue: Platelets-free Plasma",""
"GSM4308235","tissue: Platelets-free Plasma",""
"GSM4308236","tissue: Platelets-free Plasma",""
"GSM4308237","tissue: Platelets-free Plasma",""
"GSM4308238","tissue: Platelets-free Plasma",""
"GSM4308239","tissue: Platelets-free Plasma",""
"GSM4308240","tissue: Platelets-free Plasma",""
"GSM4308241","tissue: Platelets-free Plasma",""
"GSM4308242","tissue: Platelets-free Plasma",""
"GSM4308243","tissue: Platelets-free Plasma",""
"GSM4308244","tissue: Platelets-free Plasma",""
"GSM4308245","tissue: Platelets-free Plasma",""
"GSM4308246","tissue: Platelets-free Plasma",""
"GSM4308247","tissue: Platelets-free Plasma",""
"GSM4308248","tissue: Platelets-free Plasma",""
"GSM4308249","tissue: Platelets-free Plasma",""
"GSM4308250","tissue: Platelets-free Plasma",""
"GSM4308251","tissue: Platelets-free Plasma",""
"GSM4308252","tissue: Platelets-free Plasma",""
"GSM4308253","tissue: Platelets-free Plasma",""
"GSM4308254","tissue: Platelets-free Plasma",""
"GSM4308255","tissue: Platelets-free Plasma",""
"GSM4308256","tissue: Platelets-free Plasma",""
